Mr,SN,ALT,ESAL,AGE,D,PCI
28.1,5.748,150,345060,2,0,99
27.6,5.748,150,345060,2,0,99
20.7,5.748,150,345060,2,0,98
29.7,5.748,150,345060,2,0,98
22.6,5.748,150,345060,2,0,98
30.2,4.882,100,345060,2,0,94
23.8,4.882,100,345060,2,0,93
30,4.882,100,345060,2,0,93
20.9,4.882,100,345060,2,0,90
14.5,4.882,100,345060,2,0,88
19.7,5.748,150,421353,2,0,96
16.3,5.748,150,421353,2,0,95
14.2,5.748,150,421353,2,0,96
21.8,5.748,150,421353,2,0,96
16.9,5.748,150,421353,2,0,95
24.8,4.882,100,421353,2,0,90
10.6,4.882,100,421353,2,0,86
28,4.882,100,421353,2,0,90
19.3,4.882,100,421353,2,0,88
15,4.882,100,421353,2,0,86
26.2,5.748,150,496299,2,0,97
22.3,5.748,150,496299,2,0,96
18.2,5.748,150,496299,2,0,94
22.2,5.748,150,496299,2,0,94
11.1,5.748,150,496299,2,0,91
19.2,4.882,100,496299,2,0,87
16,4.882,100,496299,2,0,86
30.3,4.882,100,496299,2,0,89
13.6,4.882,100,496299,2,0,85
11,4.882,100,496299,2,0,83
23.7,5.748,150,571876,2,0,93
21.6,5.748,150,571876,2,0,92
14.4,5.748,150,571876,2,0,92
15.2,5.748,150,571876,2,0,91
10.6,5.748,150,571876,2,0,90
23.4,4.882,100,571876,2,0,88
18.3,4.882,100,571876,2,0,86
30.5,4.882,100,571876,2,0,87
17.4,4.882,100,571876,2,0,84
13.5,4.882,100,571876,2,0,83
29,5.748,150,647387,2,0,94
18.7,5.748,150,647387,2,0,91
11,5.748,150,647387,2,0,88
23.9,5.748,150,647387,2,0,91
20.3,5.748,150,647387,2,0,90
25.7,4.882,100,647387,2,0,87
22.1,4.882,100,647387,2,0,85
21.2,4.882,100,647387,2,0,83
18.5,4.882,100,647387,2,0,83
11.8,4.882,100,647387,2,0,80
22.5,5.748,150,723859,2,0,90
21.8,5.748,150,723859,2,0,90
16.2,5.748,150,723859,2,0,88
19.8,5.748,150,723859,2,0,88
15.5,5.748,150,723859,2,0,87
29.9,4.882,100,723859,2,0,86
24.8,4.882,100,723859,2,0,84
28.1,4.882,100,723859,2,0,84
24.1,4.882,100,723859,2,0,83
15.4,4.882,100,723859,2,0,79
28.7,5.748,150,798664,6,0,90
17.6,5.748,150,798664,6,0,88
11.5,5.748,150,798664,6,0,85
25.2,5.748,150,798664,6,0,88
10.7,5.748,150,798664,6,0,83
14.1,4.882,100,798664,6,0,79
9.6,4.882,100,798664,6,0,79
30.7,4.882,100,798664,6,0,83
26.4,4.882,100,798664,6,0,81
14.4,4.882,100,798664,6,0,79
20.1,5.748,150,874093,6,0,87
14.9,5.748,150,874093,6,0,85
9.7,5.748,150,874093,6,0,84
29.9,5.748,150,874093,6,0,88
26.3,5.748,150,874093,6,0,87
27.1,4.882,100,874093,6,0,81
20,4.882,100,874093,6,0,79
28.3,4.882,100,874093,6,0,82
22.8,4.882,100,874093,6,0,79
13.7,4.882,100,874093,6,0,78
27.6,5.748,150,950292,6,0,86
22.5,5.748,150,950292,6,0,84
10.5,5.748,150,950292,6,0,83
13.4,5.748,150,950292,6,0,82
9.9,5.748,150,950292,6,0,80
23.8,4.882,100,950292,6,0,79
17,4.882,100,950292,6,0,77
30.2,4.882,100,950292,6,0,79
26.3,4.882,100,950292,6,0,79
19.5,4.882,100,950292,6,0,76
21.4,5.748,150,1008455,6,0,84
15.2,5.748,150,1008455,6,0,83
12.4,5.748,150,1008455,6,0,82
29.1,5.748,150,1008455,6,0,84
26.8,5.748,150,1008455,6,0,83
25.4,5.748,150,1008455,6,0,82
9.3,5.748,150,1008455,6,0,78
27.3,4.882,100,1008455,6,0,79
25.5,4.882,100,1008455,6,0,79
13.5,4.882,100,1008455,6,0,74
12.1,4.882,100,1008455,6,0,73
28.4,4.882,100,1008455,6,0,76
25.2,4.882,100,1008455,6,0,76
24.8,4.882,100,1008455,6,0,75
24,4.882,100,1008455,6,0,76
12,4.882,100,1008455,6,0,72
23.4,5.748,150,1026080,6,0,81
21.9,5.748,150,1026080,6,0,81
16.1,5.748,150,1026080,6,0,80
29.5,5.748,150,1026080,6,0,81
16.6,5.748,150,1026080,6,0,78
25,4.882,100,1026080,6,0,76
16.5,4.882,100,1026080,6,0,73
30.7,4.882,100,1026080,6,0,75
25.4,4.882,100,1026080,6,0,74
21.5,4.882,100,1026080,6,0,73
18.6,5.748,150,1101517,6,0,79
18.4,5.748,150,1101517,6,0,79
17.8,5.748,150,1101517,6,0,79
23.6,5.748,150,1101517,6,0,78
18.6,5.748,150,1101517,6,0,76
25.3,4.882,100,1101517,6,0,74
14.9,4.882,100,1101517,6,0,72
27.5,4.882,100,1101517,6,0,74
21.9,4.882,100,1101517,6,0,72
10,4.882,100,1101517,6,0,67
27.1,5.748,150,1108995,6,0,79
24.8,5.748,150,1108995,6,0,79
24.2,5.748,150,1108995,6,0,79
18.4,5.748,150,1108995,6,0,77
18.3,5.748,150,1108995,6,0,77
18.1,5.748,150,1108995,6,0,77
11.4,5.748,150,1108995,6,0,74
9.6,5.748,150,1108995,6,0,73
8.9,5.748,150,1108995,6,0,74
26.4,5.748,150,1108995,6,0,75
26.3,5.748,150,1108995,6,0,76
19.2,5.748,150,1108995,6,0,74
16.9,5.748,150,1108995,6,0,74
8.6,5.748,150,1108995,6,0,70
24.5,4.882,100,1108995,6,0,70
21.4,4.882,100,1108995,6,0,69
19.7,4.882,100,1108995,6,0,69
15.1,4.882,100,1108995,6,0,67
14.8,4.882,100,1108995,6,0,68
9.2,4.882,100,1108995,6,0,66
26.1,4.882,100,1108995,6,0,69
20.3,4.882,100,1108995,6,0,68
19.9,4.882,100,1108995,6,0,67
18.2,4.882,100,1108995,6,0,66
17.4,4.882,100,1108995,6,0,66
16,4.882,100,1108995,6,0,66
13.9,4.882,100,1108995,6,0,64
13.4,4.882,100,1108995,6,0,65
11.5,4.882,100,1108995,6,0,63
29.4,5.748,150,1176411,6,0,75
17.6,5.748,150,1176411,6,0,73
14.7,5.748,150,1176411,6,0,71
24.5,5.748,150,1176411,6,0,72
11.5,5.748,150,1176411,6,0,68
16.1,4.882,100,1176411,6,0,64
8.6,4.882,100,1176411,6,0,63
24.9,4.882,100,1176411,6,0,66
23.6,4.882,100,1176411,6,0,66
18.6,4.882,100,1176411,6,0,64
28.5,5.748,150,1211047,6,0,74
27,5.748,150,1211047,6,0,73
20.6,5.748,150,1211047,6,0,70
20.5,5.748,150,1211047,6,0,71
19,5.748,150,1211047,6,0,70
9.1,5.748,150,1211047,6,0,66
21.8,5.748,150,1211047,6,0,70
17.2,5.748,150,1211047,6,0,69
8.4,5.748,150,1211047,6,0,66
15.5,4.882,100,1211047,6,0,62
14.9,4.882,100,1211047,6,0,63
30.9,4.882,100,1211047,6,0,65
18.6,4.882,100,1211047,6,0,61
12.2,4.882,100,1211047,6,0,61
11.9,4.882,100,1211047,6,0,61
11.6,4.882,100,1211047,6,0,61
9.7,4.882,100,1211047,6,0,59
27,5.748,150,1251841,6,0,70
21.5,5.748,150,1251841,6,0,69
21,5.748,150,1251841,6,0,69
26.2,5.748,150,1251841,6,0,68
25.7,5.748,150,1251841,6,0,69
16.6,4.882,100,1251841,6,0,61
8.6,4.882,100,1251841,6,0,59
28.5,4.882,100,1251841,6,0,64
16.2,4.882,100,1251841,6,0,60
13.3,4.882,100,1251841,6,0,58
25.8,5.748,150,1314627,6,0,68
22.9,5.748,150,1314627,6,0,67
22.2,5.748,150,1314627,6,0,67
26.2,5.748,150,1314627,6,0,68
8.7,5.748,150,1314627,6,0,61
19.3,4.882,100,1314627,6,0,61
18.3,4.882,100,1314627,6,0,60
17.3,4.882,100,1314627,6,0,59
27.6,5.748,150,1328278,6,0,67
17,5.748,150,1328278,6,0,66
14.6,5.748,150,1328278,6,0,65
14.2,5.748,150,1328278,6,0,63
8.8,5.748,150,1328278,6,0,61
28.6,4.882,100,1328278,6,0,61
25.2,4.882,100,1328278,6,0,60
29.3,4.882,100,1328278,6,0,60
28.2,4.882,100,1328278,6,0,60
13.6,4.882,100,1328278,6,0,57
29.8,5.748,150,1403494,7,0,66
12.2,5.748,150,1403494,7,0,62
8.5,5.748,150,1403494,7,0,60
27.8,5.748,150,1403494,7,0,66
26.1,5.748,150,1403494,7,0,64
27.4,4.882,100,1403494,7,0,60
14,4.882,100,1403494,7,0,55
30.2,4.882,100,1403494,7,0,58
20.7,4.882,100,1403494,7,0,56
15.1,4.882,100,1403494,7,0,53
30.7,5.748,150,1419761,7,0,65
27.5,5.748,150,1419761,7,0,64
24,4.882,100,1419761,7,0,58
23.1,4.882,100,1419761,7,0,57
16.6,4.882,100,1419761,7,0,55
13.9,4.882,100,1419761,7,0,53
30.4,5.748,150,1478555,7,0,65
29.9,5.748,150,1478555,7,0,63
17.2,5.748,150,1478555,7,0,61
25.7,5.748,150,1478555,7,0,61
25.2,5.748,150,1478555,7,0,61
14.8,4.882,100,1478555,7,0,53
12.5,4.882,100,1478555,7,0,53
30.9,4.882,100,1478555,7,0,56
24,4.882,100,1478555,7,0,53
18.3,4.882,100,1478555,7,0,53
27.4,5.748,150,1526471,7,0,62
27.1,5.748,150,1526471,7,0,61
10.4,5.748,150,1526471,7,0,57
29.3,4.882,100,1526471,7,0,57
9.9,4.882,100,1526471,7,0,51
26.8,4.882,100,1526471,7,0,54
16.7,4.882,100,1526471,7,0,51
12,4.882,100,1526471,7,0,49
19.1,5.748,150,1554787,7,0,58
15.6,5.748,150,1554787,7,0,57
13.2,5.748,150,1554787,7,0,57
13.3,5.748,150,1554787,7,0,54
9.5,5.748,150,1554787,7,0,54
23.2,4.882,100,1554787,7,0,52
9.9,4.882,100,1554787,7,0,49
28.2,4.882,100,1554787,7,0,53
28,4.882,100,1554787,7,0,52
19.2,4.882,100,1554787,7,0,50
30.6,5.748,150,1629968,7,0,60
23.9,5.748,150,1629968,7,0,58
18.6,5.748,150,1629968,7,0,57
16.7,5.748,150,1629968,7,0,54
14.8,5.748,150,1629968,7,0,53
19.3,4.882,100,1629968,7,0,51
13.8,4.882,100,1629968,7,0,52
31,4.882,100,1629968,7,0,51
25.4,4.882,100,1629968,7,0,52
16.9,4.882,100,1629968,7,0,51
28.5,5.748,150,1634784,7,0,58
11.8,5.748,150,1634784,7,0,53
10.5,5.748,150,1634784,7,0,53
26.8,5.748,150,1634784,7,0,56
22.6,5.748,150,1634784,7,0,54
28.4,4.882,100,1634784,7,0,51
8.4,4.882,100,1634784,7,0,51
28.2,5.748,150,1705515,8,0,57
21.9,5.748,150,1705515,8,0,55
18.1,5.748,150,1705515,8,0,52
29.3,5.748,150,1705515,8,0,55
12.5,5.748,150,1705515,8,0,52
16,4.882,100,1705515,8,0,51
13.4,4.882,100,1705515,8,0,51
19.9,4.882,100,1705515,8,0,52
17.8,4.882,100,1705515,8,0,51
11.2,4.882,100,1705515,8,0,51
22.9,5.748,150,1744719,8,0,54
12.7,5.748,150,1744719,8,0,52
12.1,5.748,150,1744719,8,0,51
26.3,5.748,150,1744719,8,0,53
21,5.748,150,1744719,8,0,51
10.7,5.748,150,1744719,8,0,53
21.3,4.882,100,1744719,8,0,52
17.5,4.882,100,1744719,8,0,52
24.2,4.882,100,1744719,8,0,46
29.6,5.748,150,1781130,10,0,55
22.2,5.748,150,1781130,10,0,53
21.2,5.748,150,1781130,10,0,53
22.9,5.748,150,1781130,10,0,52
12.7,5.748,150,1781130,10,0,49
24.8,4.882,100,1781130,10,0,47
24.6,4.882,100,1781130,10,0,48
14.2,4.882,100,1781130,10,0,43
12.7,4.882,100,1781130,10,0,42
11.9,4.882,100,1781130,10,0,42
9.8,5.748,150,1856540,,0,48
29.3,5.748,150,1856540,,0,54
22.2,5.748,150,1856540,,0,52
21,5.748,150,1856540,,0,52
23.1,5.748,150,1856540,,0,52
12.2,5.748,150,1856540,,0,48
28.4,4.882,100,1856540,,0,48
12.7,4.882,100,1856540,,0,43
30.4,4.882,100,1856540,,0,51
24.6,4.882,100,1856540,,0,48
23.9,4.882,100,1856540,,0,47
9.7,4.882,100,1856540,,0,41
16.9,5.748,150,511731,1,1,99
15.4,5.748,150,511731,1,1,99
12.9,5.748,150,511731,1,1,97
15,5.748,150,511731,1,1,97
12.1,5.748,150,511731,1,1,97
16.2,4.882,100,511731,1,1,89
11.4,4.882,100,511731,1,1,86
13.9,4.882,100,511731,1,1,86
14.6,5.748,150,701937,2,1,80
12.9,5.748,150,701937,2,1,76
12.4,5.748,150,701937,2,1,93
16.4,5.748,150,701937,2,1,91
13.5,5.748,150,701937,2,1,93
10.5,4.882,100,701937,2,1,93
14.5,4.882,100,701937,2,1,91
13.5,4.882,100,701937,2,1,80
15.8,5.748,150,891170,2,1,72
14.8,5.748,150,891170,2,1,80
10.6,5.748,150,891170,2,1,76
13.6,5.748,150,891170,2,1,72
7.6,4.882,100,891170,2,1,95
14.6,4.882,100,891170,2,1,93
14.3,4.882,100,891170,2,1,89
9.4,4.882,100,891170,2,1,89
14.7,5.748,150,1078843,6,1,82
9.2,5.748,150,1078843,6,1,74
14.7,5.748,150,1078843,6,1,72
14.3,4.882,100,1078843,6,1,78
7.7,4.882,100,1078843,6,1,70
12.4,4.882,100,1078843,6,1,66
11.5,4.882,100,1078843,6,1,86
9.4,4.882,100,1078843,6,1,84
15.2,5.748,150,1268057,6,1,84
15.1,5.748,150,1268057,6,1,82
11.2,5.748,150,1268057,6,1,80
7.9,4.882,100,1268057,6,1,76
7.3,4.882,100,1268057,6,1,72
12.7,4.882,100,1268057,6,1,74
12.1,4.882,100,1268057,6,1,68
7.4,4.882,100,1268057,6,1,66
13.2,5.748,150,1457261,8,1,89
11.5,5.748,150,1457261,8,1,82
8.6,5.748,150,1457261,8,1,76
12.9,5.748,150,1457261,8,1,82
9.7,5.748,150,1457261,8,1,80
14.7,4.882,100,1457261,8,1,74
12.6,4.882,100,1457261,8,1,70
11.2,4.882,100,1457261,8,1,66
12.1,5.748,150,1646516,8,1,66
11,5.748,150,1646516,8,1,59
8.4,5.748,150,1646516,8,1,80
14.5,5.748,150,1646516,8,1,80
10.8,5.748,150,1646516,8,1,76
9.5,4.882,100,1646516,8,1,76
12.2,4.882,100,1646516,8,1,74
11.1,4.882,100,1646516,8,1,72
12.7,5.748,150,1836479,9,1,68
9.9,5.748,150,1836479,9,1,68
9.1,5.748,150,1836479,9,1,66
8,5.748,150,1836479,9,1,57
13.4,4.882,100,1836479,9,1,80
13.4,4.882,100,1836479,9,1,76
9,4.882,100,1836479,9,1,70
8.7,4.882,100,1836479,9,1,76
9.7,5.748,150,2025199,9,1,66
8,5.748,150,2025199,9,1,57
10.5,5.748,150,2025199,9,1,57
8.4,4.882,100,2025199,9,1,66
6.1,4.882,100,2025199,9,1,61
13.2,4.882,100,2025199,9,1,57
12,4.882,100,2025199,9,1,74
9.3,4.882,100,2025199,9,1,70
8.6,5.748,150,2114176,9,1,68
15.4,5.748,150,2114176,9,1,76
12,5.748,150,2114176,9,1,74
10.5,4.882,100,2114176,9,1,61
10.3,4.882,100,2114176,9,1,57
13.8,4.882,100,2114176,9,1,63
12.4,4.882,100,2114176,9,1,57
9.6,4.882,100,2114176,9,1,55
12.9,5.748,150,2202598,9,1,72
10.1,5.748,150,2202598,9,1,68
8.6,5.748,150,2202598,9,1,66
8.8,5.748,150,2202598,9,1,63
8.5,5.748,150,2202598,9,1,59
8.8,4.882,100,2202598,9,1,57
7.5,4.882,100,2202598,9,1,53
12.5,4.882,100,2202598,9,1,55
